feature,importance,std
Transaction_Type,0.08435691964169262,0.009602538982733548
Is_Overnight,0.052102864685228935,0.008477632158646236
Amount_Band,0.017877936550169796,0.0049932778276984635
Is_International,0.011267796680909218,0.00385954851417022
Channel,0.004141820439380421,0.0015234444080087126
Account_Type,0.003919313018118846,0.00172857283641157
Tenure_Band,0.0035513801720584715,0.0015656944377990668
Engagement_Band,0.003133885297815627,0.0029331526316545443
Location,0.001850489620667902,0.00217098675662384
Tenure_Months,0.000514271255588783,0.000956976615202245
Account_Status,0.0004957507082152812,0.0006204161967572071
Digital_Engagement_Score,0.00024611459784324997,0.001019261133731694
Device_Type,0.00022185528931180828,0.0019257387531248628
Preferred_Channel,2.4520161311381017e-05,0.00036305342406848303
Customer_Segment,-0.0001274265829851166,0.00030542329566058226
Transaction_Hour,-0.0005724414255082966,0.0006404057140420213
